Category,Count,Filter
CVI,6856,Images Per Study
OCTOMERIA,8572,Images Per Study
COTS/PROTON,16354,Images Per Study
SaMD,17832,Images Per Study
VHI,10957,Images Per Study
CVI,104,Patients Recruited
OCTOMERIA,98,Patients Recruited
COTS/PROTON,108,Patients Recruited
SaMD,180,Patients Recruited
VHI,100,Patients Recruited
OCT,6021,Modalities - CVI Study
Fundus,781,Modalities - CVI Study
ASOCT,54,Modalities - CVI Study
OCT,7453,Modalities - OCTOMERIA Study
Fundus,609,Modalities - OCTOMERIA Study
ASOCT,510,Modalities - OCTOMERIA Study
OCT,9077,Modalities - VHI Study
Fundus,800,Modalities - VHI Study
ASOCT,1080,Modalities - VHI Study
OCT,13769,Modalities - PROTON Study
Fundus,1115,Modalities - PROTON Study
ASOCT,1470,Modalities - PROTON Study
OCT,16197,Modalities - SaMD Study
Fundus,1131,Modalities - SaMD Study
ASOCT,504,Modalities - SaMD Study